{"train_losses": [2.0900728358162772, 0.995474832256635, 0.8123432570033603, 0.711177506711748, 0.6275575952397452, 0.5656384666760762, 0.5338653498225742, 0.5049258612924152, 0.47932350469960106, 0.47064283821317887, 0.44201742940478855, 0.428467286295361, 0.416575606001748, 0.406415127714475, 0.3889235453473197, 0.38350107653273474, 0.3763170599937439, 0.36953923983706366, 0.37125663624869454, 0.3694593654738532, 0.37413332280185485, 0.3556629940867424, 0.3525270809729894, 0.3482355210516188, 0.34753090391556424, 0.3476099295748605, 0.3335372065504392, 0.3385879687137074, 0.3323479505048858, 0.33715754797061287, 0.33364735378159416, 0.3285172838303778, 0.3262535168064965, 0.3237457344929377, 0.32661648641029994, 0.3230219393968582, 0.32021373841497636, 0.3228674211435848, 0.32165770845280756, 0.31601316001680163, 0.317893955608209, 0.31371174189779494, 0.3141126135985057, 0.3134666590227021, 0.3121906133161651, 0.3145052050550779, 0.3198159671492047, 0.3093340433306164, 0.3093263493643867, 0.31006652000877594], "val_losses": [1.208030428737402, 0.79893226424853, 0.5833216259876887, 0.5123788354297479, 0.48114789836108685, 0.44022882853945094, 0.41971132283409435, 0.4079463978608449, 0.39597765107949573, 0.38847291221221286, 0.3830515382190545, 0.38362822743753594, 0.3688594313959281, 0.35776445269584656, 0.3673274591565132, 0.3743580641845862, 0.3671376456816991, 0.3876077588647604, 0.37735097544888657, 0.36651394205788773, 0.40111327543854713, 0.3562443057696025, 0.3527854022880395, 0.3304536808282137, 0.35153938705722493, 0.3511143531650305, 0.3342432677745819, 0.32828945107758045, 0.3153330832719803, 0.32865841252108413, 0.3311194305618604, 0.30711906403303146, 0.31626415563126403, 0.31552888701359433, 0.33861761043469113, 0.3070441596210003, 0.3031670016547044, 0.31955601399143535, 0.3027607090771198, 0.31640835168461007, 0.3050734115143617, 0.30685997381806374, 0.3092662127067645, 0.3079006386299928, 0.32149658786753815, 0.3135181088000536, 0.30496165715157986, 0.3056505564600229, 0.307448199018836, 0.31021820940077305]}