{"train_losses": [83.18495262132751, 0.5077234238386155, 0.4236905798316002, 0.3289451763033867, 0.2841096402870284, 0.2551780104637146, 0.23254796548022164, 0.2132845568160216, 0.19833635828561252, 0.18544655185606745, 0.16871455187598863, 0.1631346459190051, 0.1474479027920299, 0.14058138438396983, 0.14406507909297944], "val_losses": [0.7128183729946613, 0.40664501922825974, 0.25688045161465806, 0.2135938685387373, 0.2026796522550285, 0.1920355645318826, 0.18317333344991008, 0.17427030329902968, 0.1661224764150878, 0.15866945746044317, 0.15206738002598286, 0.15198711259290576, 0.14259997801855206, 0.13947933167219162, 0.14322484044047692]}