{"train_losses": [282.3867982029915, 65.94226261973381, 51.96597349643707, 40.7980664819479, 35.70383347570896, 31.463803857564926, 27.503314718604088, 26.743548274040222, 24.56832355260849, 25.090781062841415, 21.24278625845909, 22.380187764763832, 19.600892066955566, 21.722454890608788, 20.05308297276497], "val_losses": [8.961098000407219, 7.033400267362595, 5.916028834879398, 5.9206104800105095, 5.786594685167074, 5.1296027060598135, 5.277665577828884, 5.3351745288819075, 5.062441699206829, 5.134353905916214, 4.3439932726323605, 5.2835736609995365, 4.6630666963756084, 4.301556056365371, 5.0698598343878984]}