{"train_losses": [351.7491614818573, 256.06007236242294, 240.66218400001526, 231.69416916370392, 226.476098716259, 225.51889637112617, 221.52351891994476, 216.4050399363041, 213.14488670229912, 208.5756019204855, 205.10693134367466, 205.04530449211597, 199.57354789972305, 203.70568896830082, 202.94703187048435, 201.39486418664455, 199.07704889774323, 191.75716166198254, 187.93055047094822, 184.61827152967453, 179.66125778853893, 175.25487692654133, 172.83351546525955, 171.53101505339146, 165.89030104875565, 161.3607581704855, 155.73767824470997, 151.93938240408897, 148.01046998798847, 147.43887367844582], "val_losses": [70.0680985301733, 66.89609709382057, 65.88854268193245, 65.27745161950588, 65.76600269973278, 66.2864482998848, 65.55761820077896, 65.59169921278954, 63.77240006625652, 62.86096669733524, 64.13375194370747, 64.28911109268665, 62.62034669518471, 63.135728523135185, 64.31080225110054, 64.08356039226055, 63.43844549357891, 68.29816153645515, 72.6831956654787, 64.20569509267807, 62.63815286755562, 62.62153974175453, 72.54347763955593, 71.09384731948376, 66.08413234353065, 64.75680749118328, 68.00185072422028, 75.67517378926277, 64.88741947710514, 71.88267694413662]}