{"train_losses": [1.9639038900534311, 0.9110750526189804, 0.7096941418117947, 0.6060993830362956, 0.5364049868451224, 0.4942491693629159, 0.48319907635450365, 0.43741808003849453, 0.42442357540130615, 0.402204880449507, 0.38514986832936604, 0.37551004240910213, 0.3684054760469331, 0.35014860497580635, 0.34579455935292774, 0.34667149831851324, 0.3321481434835328, 0.3239872818191846, 0.3277935927112897, 0.31737424731254577, 0.31221029592884914, 0.3134905848238203, 0.3098053726885054, 0.3035718998975224, 0.3009193064437972, 0.2965503046909968, 0.2943291465441386, 0.295481989118788, 0.29276210996839735, 0.29468298306067786, 0.2862766027450562, 0.29706680625677107, 0.2912272502978643, 0.29119723637898765, 0.285541157093313, 0.2821022474103504, 0.28934290011723834, 0.28205629703071383, 0.2826547531618012, 0.2824241245786349, 0.2889464434650209, 0.28604245334863665, 0.2787912767794397, 0.27844908552037345, 0.2818897740708457, 0.28546257946226333, 0.28703914946979947, 0.27250550803211, 0.2769474529557758, 0.2801934126350615, 0.2839499349395434, 0.2797030144267612, 0.2763419772187869, 0.27947361154688727, 0.2833440954486529, 0.27634716083606087, 0.27887364443805485, 0.2749700175391303, 0.27688676483101315, 0.2816818944282002, 0.27611560738748975, 0.28260893805159465, 0.2781192630529404, 0.2794658556580544, 0.28120668464236787, 0.27865814185804794, 0.2793004322383139, 0.27400647633605535, 0.2804714290632142, 0.2829948282904095, 0.2782632761531406, 0.2797282094756762, 0.28261588050259484, 0.28184236354298065, 0.2847272255354457, 0.2834341410133574, 0.27932695663637586, 0.2737306540211042, 0.28447405480676224, 0.27707049747308093, 0.28403265376885733, 0.2753992762830522, 0.27376108517249426, 0.2725400538908111, 0.27500474337074493, 0.2786242890689108, 0.2763093676831987, 0.2790275820427471, 0.2805401015612814, 0.2762310533059968, 0.27678622206052145, 0.2712442242436939, 0.2822086368997892, 0.28010445949104096, 0.2821963762243589, 0.27989298701286314, 0.2739283280240165, 0.2783620869119962, 0.2785674086875386, 0.27576042380597854], "val_losses": [0.9245194147030512, 0.6307146673401197, 0.48907287667195004, 0.4350321640570958, 0.378007182230552, 0.35568707684675854, 0.3483674464126428, 0.320719155172507, 0.2979443358878295, 0.2891378005345662, 0.27262164155642193, 0.2830095862348874, 0.2664106357842684, 0.28464993586142856, 0.2899005711078644, 0.2645905589063962, 0.25221472171445686, 0.2695276252925396, 0.25126402204235393, 0.25354936470588046, 0.2522199439505736, 0.26208281082411605, 0.24892549216747284, 0.23142396782835326, 0.24227111786603928, 0.2360164187848568, 0.23028325537840524, 0.2509382938345273, 0.2343603471914927, 0.24651786064108214, 0.23576134194930395, 0.24552136907974878, 0.2527070728441079, 0.22577756767471632, 0.23897342880566916, 0.2507675091425578, 0.23994368314743042, 0.2451445876310269, 0.2353523119042317, 0.24669041360418, 0.2386810171107451, 0.26219940309723216, 0.22331591447194418, 0.22447302813331285, 0.2356776756544908, 0.24530734370152155, 0.22477020199100176, 0.24169014766812325, 0.25686901807785034, 0.2267333840330442, 0.23721643537282944, 0.23262115071217218, 0.22529057040810585, 0.2520233082274596, 0.22826570893327394, 0.23116114363074303, 0.22616812276343504, 0.2517819677790006, 0.22451141166190305, 0.23097691995402178, 0.2379059779147307, 0.23054046494265398, 0.24691464255253473, 0.2395669681330522, 0.23203478567302227, 0.22610474502046904, 0.24678212900956473, 0.23335164909561476, 0.23909606908758482, 0.23059461079537868, 0.2284009059270223, 0.22875159606337547, 0.2418621132771174, 0.22910275806983313, 0.23150089693566164, 0.23220046112934747, 0.2279873713850975, 0.2390162112812201, 0.23253826424479485, 0.22673274079958597, 0.26185507451494533, 0.22646910200516382, 0.24284650012850761, 0.23287592269480228, 0.22282476102312407, 0.23073984744648138, 0.23418918872872987, 0.24859871591130892, 0.2312635531028112, 0.23352894311149916, 0.23279251903295517, 0.2512366573015849, 0.25039483110109967, 0.23022511849800745, 0.23202458148201308, 0.2182109716037909, 0.23902932306130728, 0.22970721125602722, 0.22161961098512015, 0.2278306931257248]}